cpih_yoy,food_yoy,housing_fuels_yoy,transport_yoy,core_cpih_yoy,date,bank_rate,war_dummy,ppi_input_yoy,ppi_output_yoy,ppi_import_yoy,ppi_export_yoy
1.7,0.5,2.9,3.1,1.4,2005-01-01,4.75,0,6.855439642324912,,,2.2167487684729092
1.7,0.9,2.8,3.6,1.3,2005-02-01,4.75,0,7.31343283582091,,,2.6022304832713727
2.0,1.7,3.0,4.3,1.6,2005-03-01,4.75,0,7.090103397341196,,,2.583025830258312
1.9,1.1,2.9,4.0,1.5,2005-04-01,4.75,0,7.079646017699104,,,1.595092024539868
1.9,1.4,3.1,3.5,1.6,2005-05-01,4.75,0,6.1224489795918435,,,1.9583843329253225
2.0,2.2,3.2,3.5,1.6,2005-06-01,4.75,0,7.771260997067442,,,1.1097410604192337
2.3,1.7,3.4,4.5,1.9,2005-07-01,4.75,0,7.982583454281578,,,1.6009852216748666
2.4,2.2,3.5,5.2,1.9,2005-08-01,4.75,0,7.173601147776187,,,0.7361963190184007
2.5,1.9,3.6,6.1,1.9,2005-09-01,4.5,0,5.547652916073975,,,-1.328502415458932
2.4,1.5,3.6,6.0,1.9,2005-10-01,4.5,0,4.481792717086819,,,-1.0791366906474864
2.2,1.7,3.6,4.4,1.8,2005-11-01,4.5,0,6.488011283497874,,,-0.3614457831325302
2.1,1.6,3.7,2.9,1.7,2005-12-01,4.5,0,8.238636363636353,,,0.24330900243310083
2.2,1.1,3.8,5.1,1.7,2006-01-01,4.5,0,7.3919107391910766,,,-0.48192771084337727
2.2,1.0,3.9,4.3,1.8,2006-02-01,4.5,0,7.232267037552131,,,0.12077294685990392
2.0,-0.5,4.0,3.6,1.7,2006-03-01,4.5,0,6.7586206896551815,,,0.5995203836930418
2.2,0.3,4.3,4.5,1.7,2006-04-01,4.5,0,7.438016528925617,,,1.570048309178751
2.4,1.1,4.7,4.1,1.6,2006-05-01,4.5,0,7.14285714285714,,,-0.24009603841537164
2.6,1.8,4.9,4.0,1.7,2006-06-01,4.5,0,6.258503401360538,,,1.8292682926829285
2.5,3.1,5.0,3.4,1.4,2006-07-01,4.5,0,6.048387096774199,,,1.3333333333333197
2.6,3.3,5.1,2.5,1.6,2006-08-01,4.5,0,5.35475234270415,,,0.6090133982947554
2.5,3.9,5.1,0.6,1.8,2006-09-01,4.75,0,5.39083557951483,,,1.346389228886169
2.5,4.6,5.1,-0.5,1.8,2006-10-01,4.75,0,4.6916890080428875,,,0.363636363636366
2.8,4.9,5.3,0.8,2.0,2006-11-01,4.75,0,3.9735099337748325,,,-0.241837968561065
2.9,4.5,5.2,2.0,2.0,2006-12-01,5.0,0,3.149606299212593,,,-0.24271844660194164
2.7,3.8,5.1,0.7,1.9,2007-01-01,5.0,0,1.4285714285714235,,,0.0
2.7,4.3,5.1,1.2,1.9,2007-02-01,5.25,0,1.6861219195849708,,,-0.24125452352231624
2.9,5.5,4.8,1.5,2.1,2007-03-01,5.25,0,2.3255813953488413,,,-0.8343265792610244
2.7,5.9,4.1,1.3,2.0,2007-04-01,5.25,0,1.9230769230769162,,,-1.3079667063020106
2.5,4.9,3.6,2.4,2.1,2007-05-01,5.25,0,2.3076923076922995,,,0.0
2.5,4.7,3.2,3.0,2.1,2007-06-01,5.5,0,2.688860435339313,,,-0.5988023952095856
2.0,2.8,2.9,2.4,2.0,2007-07-01,5.5,0,2.4081115335867986,,,-1.3157894736842035
2.0,3.0,2.8,2.6,2.0,2007-08-01,5.75,0,2.414231257941535,,,0.1210653753026758
2.0,3.8,2.6,2.7,1.8,2007-09-01,5.75,0,4.092071611253201,,,0.7246376811594235
2.3,4.8,2.4,5.0,1.9,2007-10-01,5.75,0,5.505761843790036,,,0.9661835748792313
2.2,4.9,2.2,5.5,1.7,2007-11-01,5.75,0,6.369426751592355,,,1.8181818181818077
2.3,5.5,2.1,5.7,1.8,2007-12-01,5.75,0,6.997455470737912,,,3.406326034063256
2.4,6.2,2.2,6.3,1.7,2008-01-01,5.5,0,9.346991037131902,,,4.72154963680389
2.6,5.6,3.2,6.2,1.7,2008-02-01,5.5,0,9.693877551020403,,,5.925030229746064
2.6,5.5,3.3,7.0,1.6,2008-03-01,5.25,0,10.1010101010101,,,6.610576923076916
3.0,6.6,3.8,6.2,1.8,2008-04-01,5.25,0,11.446540880503143,,,9.63855421686748
3.3,7.9,4.1,6.2,1.9,2008-05-01,5.0,0,12.907268170426068,,,9.98796630565586
3.7,9.6,4.2,7.3,1.9,2008-06-01,5.0,0,14.463840399002482,,,9.999999999999986
4.2,12.4,4.4,8.2,2.2,2008-07-01,5.0,0,14.480198019801982,,,11.030303030303013
4.4,13.2,5.0,7.7,2.2,2008-08-01,5.0,0,14.267990074441684,,,11.850060459492129
4.8,11.4,6.6,7.8,2.4,2008-09-01,5.0,0,14.12776412776413,,,11.870503597122294
4.2,10.1,6.7,4.4,2.1,2008-10-01,5.0,0,11.407766990291247,,,12.440191387559807
3.8,10.7,6.6,1.4,2.2,2008-11-01,4.5,0,9.221556886227544,,,14.404761904761898
3.0,10.5,6.3,0.4,1.5,2008-12-01,3.0,0,7.966706302021409,,,15.882352941176482
2.9,10.3,5.9,-1.6,1.6,2009-01-01,2.0,0,7.025761124121788,,,15.02890173410405
3.1,11.6,4.9,-1.2,1.9,2009-02-01,1.5,0,6.162790697674425,,,11.87214611872147
2.8,10.6,4.3,-1.8,1.9,2009-03-01,1.0,0,5.389908256880727,,,11.950394588500558
2.3,8.7,3.3,-0.7,1.7,2009-04-01,0.5,0,2.5959367945824097,,,6.923076923076921
2.1,7.9,2.9,-0.8,1.7,2009-05-01,0.5,0,1.4428412874583962,,,5.798687089715537
1.7,5.4,2.7,-1.1,1.5,2009-06-01,0.5,0,-0.21786492374727962,,,3.723986856516981
1.6,4.1,2.4,-1.4,1.6,2009-07-01,0.5,0,-1.5135135135135203,,,3.1659388646288367
1.4,2.2,1.6,0.0,1.5,2009-08-01,0.5,0,-0.21715526601518986,,,2.1621621621621623
1.0,1.5,0.0,1.2,1.5,2009-09-01,0.5,0,-1.1840688912809538,,,3.0010718113612
1.2,2.2,-0.4,3.7,1.4,2009-10-01,0.5,0,1.5250544662309462,,,3.404255319148941
1.5,1.3,-0.6,7.2,1.4,2009-11-01,0.5,0,2.5219298245614086,,,-0.3121748178980255
2.1,1.6,-0.8,8.7,1.9,2009-12-01,0.5,0,3.19383259911894,0.2132196162046851,-0.5149330587023715,-1.4213197969543234
2.6,1.9,-0.8,10.9,2.1,2010-01-01,0.5,0,2.9540481400437413,0.21276595744681437,-2.4365482233502544,-2.010050251256279
2.1,1.3,-1.1,10.5,1.9,2010-02-01,0.5,0,3.285870755750264,1.3933547695605508,-0.41025641025641546,0.20408163265306367
2.4,2.1,-0.8,11.3,1.9,2010-03-01,0.5,0,5.114254624591941,2.558635394456288,0.6085192697768749,1.007049345417932
2.7,2.9,-0.9,11.0,2.0,2010-04-01,0.5,0,7.26072607260726,3.548387096774186,2.063983488132104,1.9527235354573458
2.5,1.8,-0.6,10.1,1.9,2010-05-01,0.5,0,6.673960612691454,1.93965517241379,3.7422037422037313,-1.5511892450879028
2.4,1.9,-0.5,8.9,2.0,2010-06-01,0.5,0,6.222707423580798,2.1691973969631295,5.6443024494142735,-0.10559662090814381
2.3,3.4,-0.5,7.9,1.8,2010-07-01,0.5,0,6.805708013172351,2.0652173913043637,5.756929637526653,-0.4232804232804255
2.4,4.2,-0.3,7.6,1.9,2010-08-01,0.5,0,5.875952121871597,1.7391304347825987,5.106382978723412,-1.2698412698412764
2.4,5.2,-0.1,5.4,1.9,2010-09-01,0.5,0,6.5359477124183,1.2917115177610183,4.070981210855962,-1.8730489073881307
2.5,4.5,0.1,5.8,2.0,2010-10-01,0.5,0,6.4377682403433445,1.3888888888889062,4.455958549222805,-1.9547325102880708
2.6,5.5,0.3,5.1,2.1,2010-11-01,0.5,0,6.631016042780757,1.8240343347639465,4.791666666666661,-1.148225469728592
3.1,6.2,1.0,6.6,2.3,2010-12-01,0.5,0,8.537886872998923,1.8085106382978777,4.865424430641818,-2.059732234809475
3.4,6.3,1.3,7.8,2.5,2011-01-01,0.5,0,10.095642933049941,2.547770700636942,5.93132154006244,-2.1538461538461506
3.7,6.2,1.7,8.1,2.8,2011-02-01,0.5,0,10.710498409331937,2.4312896405919826,4.840370751802259,-3.1568228105906426
3.5,4.5,2.0,8.1,2.7,2011-03-01,0.5,0,10.766045548654258,2.182952182952169,3.629032258064502,-3.9880358923230275
3.8,4.4,2.3,9.6,3.1,2011-04-01,0.5,0,12.102564102564095,3.011422637590866,4.853387259858444,-2.116935483870974
3.8,5.9,2.3,8.1,2.8,2011-05-01,0.5,0,11.38461538461537,4.862579281183943,4.308617234468937,1.8907563025210017
3.6,7.0,2.3,8.0,2.5,2011-06-01,0.5,0,11.819116135662888,5.73248407643312,5.745967741935476,3.2769556025370017
3.8,6.2,2.4,7.8,2.7,2011-07-01,0.5,0,12.230215827338142,6.176783812566566,6.754032258064524,3.7194473963868324
3.9,6.2,2.6,7.5,2.7,2011-08-01,0.5,0,11.202466598150052,6.08974358974359,6.781376518218618,3.8585209003215493
4.5,6.4,3.9,9.0,2.9,2011-09-01,0.5,0,11.963190184049077,6.1636556854410385,6.619859578736209,3.6055143160127257
4.3,5.0,4.1,7.8,2.9,2011-10-01,0.5,0,9.5766129032258,5.163329820864049,4.960317460317465,2.413431269674704
4.1,4.0,4.1,7.2,2.8,2011-11-01,0.5,0,9.127382146439311,5.057955742887255,4.572564612326047,2.323125659978875
3.7,3.8,3.7,5.8,2.6,2011-12-01,0.5,0,6.588003933136677,3.9707419017763756,3.455083909180656,1.8927444794952786
3.2,3.5,3.6,4.1,2.4,2012-01-01,0.5,0,4.536679536679533,7.453416149068337,2.8487229862475427,10.90146750524108
3.1,3.7,3.4,3.8,2.2,2012-02-01,0.5,0,5.363984674329503,7.843137254901955,3.143418467583503,12.302839116719255
3.1,4.6,3.1,3.4,2.2,2012-03-01,0.5,0,3.9252336448598157,6.917599186164791,1.9455252918287869,11.214953271028039
2.8,4.3,3.2,1.8,2.0,2012-04-01,0.5,0,0.9149130832570851,5.846774193548376,0.192864030858253,9.886714727085488
2.5,3.3,3.1,1.7,2.0,2012-05-01,0.5,0,0.0,5.645161290322576,-0.5763688760806907,10.206185567010317
2.3,2.2,3.1,1.0,2.0,2012-06-01,0.5,0,-1.930147058823528,3.714859437751006,-0.6673021925643452,7.5742067553735914
2.4,2.1,3.1,1.4,2.1,2012-07-01,0.5,0,-2.2893772893772923,2.006018054162495,-2.2662889518413665,3.7909836065573854
2.3,2.2,3.0,1.8,1.9,2012-08-01,0.5,0,-0.09242144177450395,4.632426988922456,-1.8957345971563955,8.255933952528371
2.1,2.0,1.8,2.6,2.0,2012-09-01,0.5,0,-1.187214611872145,4.504504504504503,-2.9162746942615225,7.881269191402263
2.4,3.4,1.6,3.1,2.3,2012-10-01,0.5,0,-0.4599816007359703,4.609218436873763,-1.8903591682419618,8.094262295081966
2.4,3.9,1.7,2.7,2.4,2012-11-01,0.5,0,-0.6433823529411797,5.115346038114343,-1.0456273764258617,10.113519091847255
2.4,3.8,2.3,1.2,2.1,2012-12-01,0.5,0,-0.3690036900369065,4.82412060301507,-1.049618320610679,9.597523219814242
2.4,4.2,2.2,1.1,2.0,2013-01-01,0.5,0,0.5540166204986319,1.4450867052023142,0.19102196752627254,1.8903591682419618
2.5,3.7,2.5,1.8,2.0,2013-02-01,0.5,0,0.5454545454545379,2.200956937799048,1.619047619047631,2.528089887640461
2.5,3.7,2.5,1.6,2.1,2013-03-01,0.5,0,-0.4496402877697814,1.9980970504281714,1.8129770992366456,2.9878618113912347
2.2,4.6,2.4,-0.2,1.8,2013-04-01,0.5,0,-0.9066183136899331,3.23809523809524,2.02117420596728,6.6541705716963495
2.4,4.2,2.4,1.0,2.0,2013-05-01,0.5,0,-0.09208103130754486,2.4809160305343525,1.9323671497584627,4.677268475210483
2.6,3.8,2.4,1.7,2.1,2013-06-01,0.5,0,1.4058106841611906,4.7434656340755055,0.8637236084452882,7.9923882017126635
2.5,3.9,2.4,1.6,1.9,2013-07-01,0.5,0,2.3430178069353325,6.9813176007866184,2.1256038647343045,12.635735439289242
2.4,4.2,2.4,1.4,1.8,2013-08-01,0.5,0,0.8325624421831712,4.523580365736279,1.0628019323671412,8.007626310772164
2.4,4.3,2.3,1.1,1.9,2013-09-01,0.5,0,0.27726432532346745,3.735632183908044,0.09689922480620172,6.8311195445920125
2.0,3.9,2.3,-0.3,1.6,2013-10-01,0.5,0,-0.3696857670979714,2.969348659003823,-0.4816955684007751,6.06635071090047
1.9,2.8,2.1,0.1,1.7,2013-11-01,0.5,0,-0.7400555041628065,1.4312977099236734,-1.2487992315081575,2.6241799437675795
1.9,1.9,2.1,0.5,1.6,2013-12-01,0.5,0,-0.5555555555555536,2.4928092042186156,-1.5429122468659684,4.331450094161959
1.8,2.0,2.1,0.5,1.5,2014-01-01,0.5,0,-1.469237832874204,-1.139601139601143,-2.669208770257403,-2.78293135435993
1.6,1.8,2.0,-0.4,1.6,2014-02-01,0.5,0,-2.9837251356238714,-2.621722846441943,-4.498594189315841,-4.657534246575334
1.5,1.7,1.9,-1.0,1.5,2014-03-01,0.5,0,-3.1616982836495056,-2.8917910447761264,-4.217432052483594,-5.167724388032646
1.7,0.6,1.9,1.5,1.8,2014-04-01,0.5,0,-2.287282708142724,-4.243542435424363,-3.6792452830188727,-8.52372583479789
1.5,-0.6,2.0,0.4,1.5,2014-05-01,0.5,0,-1.382488479262678,-3.6312849162011274,-3.5071090047393394,-7.506702412868638
1.8,0.0,2.0,0.8,1.9,2014-06-01,0.5,0,-1.4787430683918745,-4.71349353049908,-2.568981921979052,-9.339207048458142
1.6,-0.4,2.1,1.2,1.7,2014-07-01,0.5,0,-3.1135531135531136,-5.698529411764708,-3.40586565752129,-10.692375109553009
1.5,-1.1,2.1,1.0,1.8,2014-08-01,0.5,0,-3.302752293577982,-5.248618784530379,-2.1032504780114647,-9.355692850838482
1.3,-1.4,2.1,0.0,1.5,2014-09-01,0.5,0,-3.133640552995398,-4.986149584487531,-0.871248789932233,-8.436944937833035
1.3,-1.4,2.2,0.5,1.5,2014-10-01,0.5,0,-3.0612244897959107,-4.46511627906977,-0.7744433688286478,-7.685433422698851
1.1,-1.7,2.2,-0.2,1.3,2014-11-01,0.5,0,-2.982292637465056,-3.480714957666986,-0.1945525291828787,-5.570776255707754
0.7,-1.7,1.3,-1.4,1.4,2014-12-01,0.5,0,-4.096834264432037,-4.115996258185229,0.19588638589618235,-6.227436823104682
0.5,-2.5,1.4,-2.8,1.5,2015-01-01,0.5,0,-5.405405405405405,-1.729106628242072,0.0,-0.4770992366412208
0.4,-3.3,1.4,-2.7,1.4,2015-02-01,0.5,0,-5.405405405405405,-2.4038461538461564,-1.2757605495584023,-1.8199233716475138
0.3,-3.0,1.4,-1.9,1.2,2015-03-01,0.5,0,-5.503731343283591,-2.113352545629188,-1.4677103718199636,-1.338432122370925
0.3,-2.9,1.3,-2.7,1.1,2015-04-01,0.5,0,-4.7752808988763995,-1.8304431599229232,-1.1753183153770719,-1.056676272814594
0.4,-1.8,1.3,-1.5,1.2,2015-05-01,0.5,0,-5.23364485981308,-3.3816425120772986,-1.2770137524557912,-4.251207729468609
0.3,-2.2,1.3,-1.8,1.0,2015-06-01,0.5,0,-5.44090056285178,-3.3947623666343407,-2.44140625,-4.470359572400396
0.5,-2.7,1.2,-1.8,1.3,2015-07-01,0.5,0,-5.482041587901698,-3.606237816764124,-2.6444662095984173,-4.219823356231611
0.4,-2.4,1.2,-2.5,1.2,2015-08-01,0.5,0,-6.356736242884253,-4.081632653061229,-2.9296875,-4.868549172346636
0.2,-2.2,1.2,-2.7,1.2,2015-09-01,0.5,0,-5.899143672692664,-3.790087463556857,-2.246093750000011,-4.461687681862269
0.2,-2.7,1.2,-2.7,1.3,2015-10-01,0.5,0,-5.55023923444976,-3.4079844206426513,-3.0243902439024306,-4.065827686350443
0.4,-2.4,1.3,-2.1,1.4,2015-11-01,0.5,0,-5.9558117195004705,-4.093567251461982,-4.483430799220267,-5.415860735009681
0.5,-2.9,1.3,-0.2,1.5,2015-12-01,0.5,0,-5.2427184466019465,-3.707317073170724,-3.0303030303030276,-4.716073147256983
0.6,-2.6,1.3,-0.5,1.4,2016-01-01,0.5,0,-4.334975369458139,-2.5415444770283457,-1.2732615083251742,-3.0680728667305868
0.6,-2.2,1.3,-0.9,1.4,2016-02-01,0.5,0,-4.039408866995064,-1.2807881773398977,0.8946322067594492,-0.585365853658526
0.8,-2.8,1.4,-0.1,1.6,2016-03-01,0.5,0,-2.4679170779861814,-1.2757605495584023,0.9930486593842991,-0.8720930232558155
0.7,-2.5,1.5,-1.3,1.5,2016-04-01,0.5,0,-2.064896755162249,-0.7850834151128638,1.7839444995044529,-0.09708737864077
0.7,-2.8,1.6,-1.0,1.5,2016-05-01,0.5,0,-0.7889546351084964,0.8000000000000007,1.8905472636816079,3.0272452068617506
0.8,-3.0,1.6,-0.3,1.6,2016-06-01,0.5,0,0.7936507936507908,2.208835341365467,3.803803803803807,5.391658189216675
0.9,-2.6,1.6,0.1,1.6,2016-07-01,0.5,0,3.299999999999992,5.358948432760369,8.953722334004022,10.553278688524603
1.0,-2.2,1.6,0.7,1.5,2016-08-01,0.5,0,5.268490374873358,6.07902735562309,9.356136820925553,11.258955987717512
1.3,-2.3,1.8,1.2,1.7,2016-09-01,0.25,0,5.460060667340749,5.858585858585852,8.091908091908095,10.152284263959398
1.3,-2.4,1.9,2.3,1.6,2016-10-01,0.25,0,8.51063829787233,8.165322580645151,12.474849094567396,13.31987891019173
1.5,-2.1,1.8,2.7,1.7,2016-11-01,0.25,0,8.886618998978534,8.231707317073166,12.551020408163271,13.190184049079768
1.8,-1.1,1.9,3.6,1.8,2016-12-01,0.25,0,10.655737704918034,7.598784194528885,10.181451612903224,10.909090909090914
1.9,-0.5,2.0,5.3,1.8,2017-01-01,0.25,0,12.667353244078283,7.6228686058174455,10.515873015873023,9.891196834817006
2.3,0.2,2.0,6.6,2.1,2017-02-01,0.25,0,12.628336755646806,7.085828343313372,9.458128078817719,8.537782139352302
2.3,1.3,2.0,4.4,1.9,2017-03-01,0.25,0,11.133603238866407,7.256461232604394,10.52114060963618,9.090909090909083
2.6,1.6,2.2,6.2,2.4,2017-04-01,0.25,0,10.24096385542168,6.231454005934722,8.666017526777004,7.288629737609331
2.7,2.1,2.2,4.5,2.5,2017-05-01,0.25,0,8.648111332007957,6.547619047619047,9.1796875,8.1292850146915
2.6,2.4,2.1,3.5,2.4,2017-06-01,0.25,0,7.381889763779537,5.992141453831046,9.450337512053997,7.722007722007729
2.6,2.6,2.2,3.0,2.4,2017-07-01,0.25,0,5.905130687318505,3.6468330134356908,4.616805170821792,3.3364226135310426
2.7,2.2,2.2,3.2,2.6,2017-08-01,0.25,0,6.737247353224252,4.106972301814715,5.611775528978846,3.771849126034943
2.8,3.1,2.2,4.0,2.5,2017-09-01,0.25,0,6.903163950143809,3.7213740458015288,4.71349353049908,3.0414746543778737
2.8,4.1,2.0,3.8,2.5,2017-10-01,0.25,0,4.948646125116718,1.491146318732528,1.878354203935606,-0.3561887800534236
2.8,4.2,2.0,4.2,2.5,2017-11-01,0.25,0,6.660412757973733,2.8169014084507005,3.354487760652769,1.6260162601625883
2.7,4.1,1.8,3.7,2.3,2017-12-01,0.5,0,5.462962962962958,2.9190207156308823,3.568161024702654,1.821493624772308
2.7,3.7,1.8,3.3,2.4,2018-01-01,0.5,0,4.6617915904936025,1.8639328984156656,1.2567324955116588,0.4500450045004545
2.5,3.0,1.7,2.7,2.2,2018-02-01,0.5,0,4.19325432999087,1.5843429636533068,1.6201620162016317,0.4520795660036159
2.3,3.1,1.7,2.9,2.1,2018-03-01,0.5,0,4.462659380692169,1.1121408711770142,0.3558718861209842,-0.44802867383512135
2.2,2.7,1.8,2.3,2.0,2018-04-01,0.5,0,4.918032786885251,1.6759776536312776,0.8064516129032251,0.27173913043478937
2.3,2.3,1.6,4.6,2.0,2018-05-01,0.5,0,7.227813357731017,3.0726256983240274,2.0572450805008913,2.1739130434782483
2.3,2.0,1.8,5.3,1.8,2018-06-01,0.5,0,7.7910174152153955,3.2437442075996303,1.1453744493391982,1.8817204301075252
2.3,2.3,1.8,5.6,1.8,2018-07-01,0.5,0,7.495429616087734,3.425925925925921,1.9417475728155331,2.6008968609865457
2.4,2.4,1.8,6.0,1.9,2018-08-01,0.5,0,6.853020739404858,3.394495412844045,1.8292682926829285,2.8368794326241176
2.2,1.5,1.9,5.5,1.8,2018-09-01,0.75,0,7.17488789237668,4.0478380864765295,2.6478375992939007,4.02504472271914
2.2,0.9,2.1,5.3,1.8,2018-10-01,0.75,0,6.850533807829162,4.132231404958686,1.7559262510974616,3.9320822162645097
2.2,0.5,2.0,4.8,1.8,2018-11-01,0.75,0,4.045734388742295,3.561643835616435,1.8421052631578894,3.733333333333344
2.0,0.7,2.1,3.3,1.8,2018-12-01,0.75,0,2.8972783143107916,3.934126258005488,3.3568904593639592,5.008944543828275
1.8,0.9,1.4,3.1,1.8,2019-01-01,0.75,0,2.2707423580786035,3.2936870997255285,2.5709219858156107,4.211469534050183
1.8,1.2,1.4,3.0,1.8,2019-02-01,0.75,0,2.7121609798775204,3.3027522935779707,2.037201062887517,3.960396039603964
1.8,0.8,1.4,3.2,1.8,2019-03-01,0.75,0,2.3539668700959027,3.024747937671868,1.2411347517730542,3.4203420342034274
2.0,0.7,2.3,4.6,1.7,2019-04-01,0.75,0,2.864583333333326,3.5714285714285587,2.3111111111111082,4.607046070460696
1.9,1.1,2.3,2.7,1.7,2019-05-01,0.75,0,1.1945392491467421,3.07136404697379,1.752848378615246,3.8120567375886427
1.9,1.7,2.1,2.3,1.7,2019-06-01,0.75,0,0.5952380952380931,2.872531418312385,2.3519163763066286,4.045734388742295
2.0,1.5,1.9,1.3,1.9,2019-07-01,0.75,0,1.1054421768707634,3.22291853178156,2.9437229437229595,4.020979020979021
1.7,1.8,1.9,1.3,1.5,2019-08-01,0.75,0,0.42194092827003704,3.105590062111796,3.507271171941828,3.9655172413793016
1.7,1.7,1.7,0.5,1.6,2019-09-01,0.75,0,-0.9205020920502016,2.2104332449160102,2.579535683576961,2.923473774720553
1.5,1.4,1.1,0.7,1.7,2019-10-01,0.75,0,-2.0815986677768517,1.2345679012345512,1.6393442622950838,1.8916595012897774
1.5,2.1,1.2,0.8,1.7,2019-11-01,0.75,0,-0.9298393913778513,0.44091710758378255,0.25839793281654533,0.42844901456726703
1.4,1.7,1.2,0.7,1.4,2019-12-01,0.75,0,0.17064846416381396,-0.2640845070422504,-1.452991452991459,-1.1073253833049468
1.8,1.4,1.9,1.8,1.6,2020-01-01,0.75,0,0.3415883859948732,0.5314437555358653,0.2592912705272177,-0.08598452278589797
1.7,1.3,1.8,1.9,1.7,2020-02-01,0.75,0,-0.5110732538330609,0.8880994671403242,1.388888888888884,1.0389610389610393
1.5,1.3,1.7,1.3,1.6,2020-03-01,0.75,0,-2.044293015332199,1.868327402135228,4.640980735551659,3.4812880765883403
0.9,1.4,0.5,-0.9,1.5,2020-04-01,0.1,0,-5.147679324894505,-0.4420866489831976,1.8245004344048743,0.5181347150259086
0.7,1.9,0.5,-1.6,1.3,2020-05-01,0.1,0,-4.806070826306907,-1.0517090271691454,1.4642549526270532,0.0
0.8,1.2,0.6,-1.5,1.5,2020-06-01,0.1,0,-3.296703296703285,-1.1343804537521818,0.08510638297871687,-0.7607776838545965
1.1,0.8,0.6,-0.6,1.8,2020-07-01,0.1,0,-3.111858704793946,-1.4744145706851675,-0.6728343145500526,-1.092436974789912
0.5,0.4,0.7,-0.8,1.0,2020-08-01,0.1,0,-3.361344537815125,-2.409638554216864,-2.809917355371905,-2.736318407960192
0.7,0.0,0.7,1.0,1.4,2020-09-01,0.1,0,-2.7027027027027084,-1.6435986159169524,-0.25146689019278634,-1.3366750208855582
0.9,0.6,0.5,1.3,1.5,2020-10-01,0.1,0,-1.6156462585033893,-0.9581881533101022,0.9337860780984863,-0.33755274261604296
0.6,-0.5,0.5,1.0,1.2,2020-11-01,0.1,0,-0.7679180887372072,-0.351185250219499,1.546391752577314,0.0
0.8,-1.4,0.6,1.9,1.5,2020-12-01,0.1,0,0.5110732538330387,0.6178287731685828,3.209019947961833,1.3781223083548788
0.9,-0.7,0.6,2.3,1.5,2021-01-01,0.1,0,1.7872340425531874,0.7929515418502175,2.327586206896548,1.2908777969018903
0.7,-0.6,0.8,2.6,1.1,2021-02-01,0.1,0,3.424657534246567,0.8802816901408494,0.5136986301369939,0.5141388174807249
1.0,-1.4,0.8,3.9,1.3,2021-03-01,0.1,0,6.78260869565217,0.6113537117903967,-1.3389121338912124,-0.7569386038688064
1.6,-0.5,1.8,5.0,1.5,2021-04-01,0.1,0,10.231316725978656,2.841918294849033,1.6211604095563104,2.0618556701030855
2.1,-1.3,1.9,6.5,2.0,2021-05-01,0.1,0,10.806023029229394,3.011514614703259,1.018675721561979,1.6225448334756587
2.4,-0.6,1.9,7.3,2.3,2021-06-01,0.1,0,10.839160839160833,3.5304501323918824,1.6156462585034115,2.2146507666098714
2.1,-0.6,1.9,7.9,1.9,2021-07-01,0.1,0,11.979166666666675,4.225352112676073,2.201524132091448,2.8887000849617595
3.0,0.3,2.0,8.1,2.9,2021-08-01,0.1,0,12.43478260869566,4.850088183421519,2.2959183673469497,3.324808184143224
2.9,0.8,2.1,8.5,2.7,2021-09-01,0.1,0,13.628472222222232,6.2445030782761535,2.184873949579824,5.080440304826417
3.8,1.3,3.8,10.0,3.1,2021-10-01,0.1,0,15.989628349178897,7.563764291996478,2.5231286795626584,5.842506350550392
4.6,2.5,3.9,12.5,3.6,2021-11-01,0.1,0,17.282889079965624,8.722466960352438,4.314720812182737,7.508532423208192
4.8,4.2,4.0,12.1,3.8,2021-12-01,0.1,0,15.508474576271203,8.859649122807012,4.537815126050426,7.901444350042475
4.9,4.4,4.2,11.6,4.0,2022-01-01,0.25,0,16.137123745819416,9.52797202797202,4.549283909014323,8.496176720475779
5.5,5.1,4.3,11.7,4.6,2022-02-01,0.25,1,16.970198675496697,10.82024432809774,7.155025553662675,10.741687979539648
6.2,5.9,4.6,13.6,5.1,2022-03-01,0.5,1,20.60260586319218,13.020833333333325,9.754028837998296,13.135593220338993
7.8,6.7,8.6,13.7,5.4,2022-04-01,0.75,1,22.11460855528653,15.11226252158895,11.335012594458437,14.814814814814813
7.9,8.7,8.7,14.0,5.2,2022-05-01,0.75,1,23.741007194244613,16.85296646603611,13.697478991596657,17.47899159663866
8.2,9.8,8.9,15.2,5.2,2022-06-01,1.0,1,24.447949526813883,17.902813299232754,15.397489539748953,18.25000000000001
8.8,12.7,9.1,15.1,5.5,2022-07-01,1.25,1,22.480620155038757,17.989864864864845,14.167357083678557,17.836498761354246
8.6,13.1,9.2,12.4,5.6,2022-08-01,1.25,1,21.34570765661252,17.409587888982326,16.874480465502906,17.409240924092416
8.8,14.6,9.3,10.9,5.8,2022-09-01,1.75,1,20.702826585179523,17.052980132450337,21.217105263157897,17.808219178082197
9.6,16.4,11.7,9.3,5.8,2022-10-01,2.25,1,19.37406855439643,16.516762060506963,21.16488925348645,17.28000000000001
9.3,16.5,11.7,7.6,5.7,2022-11-01,2.25,1,16.862170087976548,15.072933549432733,17.842660178426616,15.476190476190466
9.2,16.9,11.7,6.9,5.8,2022-12-01,3.0,1,15.407190022010276,13.29572925060436,15.353697749196126,12.992125984251967
8.8,16.8,11.8,3.4,5.3,2023-01-01,3.5,1,14.32685385169188,13.32801276935356,18.372280419016928,13.938919342208301
9.2,18.2,11.8,3.1,5.7,2023-02-01,3.5,1,12.172682236376486,11.968503937007856,16.93163751987281,12.471131639722866
8.9,19.2,11.6,1.0,5.7,2023-03-01,4.0,1,7.562457798784616,9.216589861751157,12.982998454404937,9.213483146067425
7.8,19.1,7.3,1.6,6.2,2023-04-01,4.25,1,5.155320555188347,6.601650412603144,9.351432880844657,6.964809384164217
7.9,18.4,7.3,1.3,6.5,2023-05-01,4.25,1,1.6149870801033694,4.047093451066952,7.169253510716911,3.791130185979963
7.3,17.4,7.3,-1.7,6.4,2023-06-01,4.5,1,-1.3307984790874694,1.8799710773680367,4.060913705583746,1.6208597603946329
6.4,14.9,5.4,-2.1,6.4,2023-07-01,5.0,1,-1.7721518987341867,0.42949176807445255,3.6284470246734424,-0.14015416958653715
6.3,13.6,5.7,-0.7,5.9,2023-08-01,5.0,1,-0.06373486297004405,1.002865329512903,1.849217638691325,0.6324666198172624
6.3,12.2,5.7,0.7,5.9,2023-09-01,5.25,1,-0.44303797468353556,0.4950495049504955,-1.831750339213034,-1.1627906976744096
4.7,10.1,1.9,0.5,5.6,2023-10-01,5.25,1,-1.4357053682896304,0.21052631578948322,-1.2863913337846866,-0.8185538881309573
4.2,9.2,1.9,-1.4,5.2,2023-11-01,5.25,1,-1.4429109159347586,0.28169014084507005,0.2752924982794003,-0.4810996563573755
4.2,8.0,1.9,-1.3,5.2,2023-12-01,5.25,1,-0.445009535918639,0.426742532005675,0.6271777003484358,-0.2090592334494823
4.2,7.0,2.5,-0.5,5.1,2024-01-01,5.25,1,-1.637279596977348,-0.42253521126760507,-1.837985023825739,-1.5120274914089293
3.8,5.0,2.9,-0.4,4.8,2024-02-01,5.25,1,-1.0725552050473097,-0.42194092827003704,-1.971447994561526,-1.848049281314157
3.8,4.0,3.1,-0.1,4.7,2024-03-01,5.25,1,-1.5693659761456424,-0.07032348804499877,-1.3679890560875485,-1.0973936899863035
3.0,2.9,2.0,-0.1,4.4,2024-04-01,5.25,1,-0.18856065367691688,0.7741027445461013,-0.6206896551724128,0.1370801919122533
2.8,1.7,2.1,0.3,4.2,2024-05-01,5.25,1,0.2542911633820477,1.2022630834511938,-0.5517241379310422,0.4135079255685792
2.8,1.5,2.3,0.7,4.2,2024-06-01,5.25,1,1.0276172125883276,1.2065294535131166,0.13937282229963266,0.554785020804438
3.1,1.5,3.7,0.1,4.1,2024-07-01,5.25,1,1.0953608247422864,1.4967925873129007,0.1400560224089631,1.403508771929829
3.1,1.3,3.7,1.2,4.3,2024-08-01,5.0,1,-0.25510204081633514,0.8510638297872353,0.13966480446927498,0.7681564245810124
2.6,1.8,3.8,-2.4,4.0,2024-09-01,5.0,1,-1.2078830260648488,-0.4222378606615007,-2.0732550103662706,-0.8304498269896099
3.2,1.9,5.5,-2.0,4.1,2024-10-01,5.0,1,-1.6466117796073432,-0.7703081232493192,-2.880658436214001,-1.1004126547455306
3.5,2.0,5.8,-1.1,4.4,2024-11-01,5.0,1,-1.0184595798854224,-0.0702247191011196,-2.2649279341111717,-0.2071823204420009
3.5,2.0,6.0,-0.6,4.2,2024-12-01,4.75,1,-0.6385696040868472,0.7790368271954895,-1.5927977839335306,0.8379888268156499
3.9,3.3,5.6,1.7,4.6,2025-01-01,4.75,1,0.6402048655569814,1.4851485148514865,-0.2773925104022079,1.8841591067690011
3.7,3.3,5.3,1.8,4.4,2025-02-01,4.75,1,0.12755102040815647,1.34180790960452,-0.6241331484049817,1.5341701534170138
3.4,3.0,5.1,1.2,4.2,2025-03-01,4.5,1,-0.12755102040817867,0.6333567909922566,-0.06934812760055475,0.06934812760057696
4.1,3.4,7.0,3.3,4.5,2025-04-01,4.5,1,-1.1964735516372782,0.13966480446927498,0.0693962526023606,-1.16358658453114
4.0,4.4,6.9,0.7,4.2,2025-05-01,4.5,1,-1.0145846544071024,0.0,-0.9708737864077555,-1.921757035003424
4.1,4.5,6.7,1.7,4.3,2025-06-01,4.25,1,-1.0171646535283019,0.4908835904628539,-0.62630480167013,-1.3103448275862073
4.2,4.9,6.2,3.2,4.2,2025-07-01,4.25,1,-0.19120458891014325,1.3342696629213613,0.7692307692307665,-0.06920415224913601
4.1,5.1,6.0,2.4,4.0,2025-08-01,4.25,1,0.19181585677747748,1.6174402250351605,0.4184100418409997,0.0
4.1,4.5,5.9,3.8,3.9,2025-09-01,4.0,1,0.7722007722007707,2.2614840989399143,1.6937191249117856,0.9071877180739651
3.8,4.9,5.0,3.8,3.7,2025-10-01,4.0,1,0.7083065035415226,2.399435426958374,2.1892655367231617,1.112656467315709
3.5,4.2,4.8,3.7,3.5,2025-11-01,4.0,1,1.0289389067523969,2.7406886858748924,2.8089887640449396,2.076124567474058
3.6,4.5,4.6,4.0,3.5,2025-12-01,4.0,1,0.385604113110527,2.319044272663384,2.2519352568613815,1.454293628808867
3.2,3.6,4.2,2.7,3.3,2026-01-01,3.75,1,-0.31806615776081015,2.0905923344947785,0.6954102920723182,1.7123287671232834
3.2,3.3,4.2,2.4,3.4,2026-02-01,3.75,1,0.5095541401273884,1.8815331010452852,1.1863224005582707,2.060439560439553
